who	cuisine	genre	purpose	hotorcold	taste	materials	when	color	is_standard	url
2	親子丼	japanese	main	hot	salty,sweet	rice,meat	lunch,dinner	yellow,green,white	TRUE	https://c-chefgohan.gnst.jp/imgdata/recipe/89/00/89/rc234x174_1209090546_ea8ef861fa007bf83a810b3c6fc9a589.jpg
2	玉子焼き	japanese	side	hot	salty,sweet	NULL	breakfast	yellow	TRUE	https://c-chefgohan.gnst.jp/imgdata/recipe/90/00/90/rc234x174_1209090617_e73e7d03237e70e759dfd90c84c24733.jpg
2	鶏のから揚げ	japanese	side	hot	salty	meat	lunch,dinner	brown	TRUE	https://c-chefgohan.gnst.jp/imgdata/recipe/91/00/91/rc234x174_1209091011_6722e12fa22673b3f1afb583c653d71e.jpg
0	肉じゃが	japanese	side	hot	saily,sweet	meat,vegetable	dinner	brown,green,red	TRUE	https://c-chefgohan.gnst.jp/imgdata/recipe/95/00/95/rc234x174_1209140727_8e07f0cac6be1fd35c46b3f1362f01c8.jpg
1	天ぷら	japanese	side	hot	salty	fish,vegetable	lunch,dinner	yellow,red,green	TRUE	https://c-chefgohan.gnst.jp/imgdata/recipe/96/00/96/rc234x174_1209101254_a36da1057803edf114a64f5577312f10.jpg
2	きんぴら	japanese	side	hot	salty,spicy	vegetable	lunch,dinner	brown	TRUE	https://c-chefgohan.gnst.jp/imgdata/recipe/97/00/97/rc234x174_1209100104_35e456fb47a0b7c6d061ce61f8c3b01d.jpg
0	鶏の照り焼き	japanese	side	hot	salty,sweet	meat	dinner	brown	TRUE	https://c-chefgohan.gnst.jp/imgdata/recipe/98/00/98/rc234x174_1209100139_b5b0dc953a5c5fdb1927a85488d70c9c.jpg
2	五目炊き込みごはん	japanese	main	hot	salty	rice	dinner	brown,white	TRUE	https://c-chefgohan.gnst.jp/imgdata/recipe/47/01/147/rc234x174_1209130110_33f506fac8475c71df52116439c391c4.jpg
0	筍ごはん	japanese	main	hot	daily,salty,bitter	rice	dinner	yellow	TRUE	https://c-chefgohan.gnst.jp/imgdata/recipe/48/01/148/rc234x174_1304031027_59d04c61fad206b6dfaeb1086311a75f.jpg
2	おでん	japanese	main	hot	salty	vegetable	dinner	brown,white	TRUE	https://c-chefgohan.gnst.jp/imgdata/recipe/49/01/149/rc234x174_1209130113_73dc9aa8f6b508a75a4c37154864d8ef.jpg
1	すき焼き	japanese	side	hot	sweet	meat,vegetable	lunch,dinner	red,brown,white,green	TRUE	https://c-chefgohan.gnst.jp/imgdata/recipe/50/01/150/rc234x174_1209130115_fc7be4142f59e9ab11a8a92e472114b0.jpg
0	切り干し大根の煮物	japanese							FALSE	https://c-chefgohan.gnst.jp/imgdata/recipe/51/01/151/rc234x174_1209130243_de5609b517e1c2163659042a22109303.jpg
0	ひじきの煮物	japanese	side	hot	salty,sweet	NULL	dinner,breakfast	black,brown	TRUE	https://c-chefgohan.gnst.jp/imgdata/recipe/52/01/152/rc234x174_1209130245_bf46f9de4a840f5071a637f0281875bb.jpg
1	ブリ大根	japanese	side	hot	salty,sweet	fish,vegetable	dinner	brown	TRUE	https://c-chefgohan.gnst.jp/imgdata/recipe/53/01/153/rc234x174_1701131626_060a10d482df31ba8ace68ed1a270c14.jpg
0	さばの味噌煮	japanese	side	hot	salty,sweet	fish	lunch,dinner	brown,yellow	TRUE	https://c-chefgohan.gnst.jp/imgdata/recipe/54/01/154/rc234x174_1209140251_85df1a7878455c8a705aaaaa6c4cef3e.jpg
0	生姜焼き	japanese	side	hot	salty	meat	lunch,dinner	brown	TRUE	https://c-chefgohan.gnst.jp/imgdata/recipe/55/01/155/rc234x174_1209130248_7ee7f5db56c509f6bbe672760147c960.jpg
1	牛丼	japanese	main	hot	sweet	meat,rice	lunch,dinner	brown,red,white	TRUE	https://c-chefgohan.gnst.jp/imgdata/recipe/56/01/156/rc234x174_1209130250_1a77769fc2cb94c904b008951465540c.jpg
0	「日本の郷土料理！」筑前煮！煮しめ！がめ煮！	japanese							FALSE	https://c-chefgohan.gnst.jp/imgdata/recipe/57/01/157/rc234x174_1209130251_72f2a6a263a7251f9829f7347382faa7.jpg
0	さといもの煮ころがし	japanese	side	hot	salty,sweet	vegetable 	dinner	white,brown	TRUE	https://c-chefgohan.gnst.jp/imgdata/recipe/36/02/236/rc234x174_1209131116_0d1d4fd3bb1ea80bd84f59f21abacaa8.jpg
2	ぬた和え	japanese							FALSE	https://c-chefgohan.gnst.jp/imgdata/recipe/37/02/237/rc234x174_1209180325_681ba34db1dbd9a5892d43ae367b08fa.jpg
0	ふろふき大根　そぼろあんかけ	japanese							FALSE	https://c-chefgohan.gnst.jp/imgdata/recipe/38/02/238/rc234x174_1209180303_f65e80607e7e9817eb1d16ffe5545bb9.jpg
2	肉豆腐	japanese							FALSE	https://c-chefgohan.gnst.jp/imgdata/recipe/39/02/239/rc234x174_1209131141_8786fd05579c71517930b1a8f8d9a96e.jpg
1	きゅうりとわかめの酢の物	japanese							FALSE	https://c-chefgohan.gnst.jp/imgdata/recipe/40/02/240/rc234x174_1209131229_bb0da726d6da5968db9bd920b1f0e2d8.jpg
0	かぼちゃの煮物	japanese	side	hot	salty,sweet	vegetable	dinner	yellow,green,brown	TRUE	https://c-chefgohan.gnst.jp/imgdata/recipe/41/02/241/rc234x174_1209131243_3e21fc92b0728709c43b1fefe861da1f.jpg
0	卯の花	japanese							FALSE	https://c-chefgohan.gnst.jp/imgdata/recipe/69/04/469/rc234x174_1209180338_3b8f40b94e422cee35ccc8f1c21cb5db.jpg
0	三色丼	japanese							FALSE	https://c-chefgohan.gnst.jp/imgdata/recipe/70/04/470/rc234x174_1209180343_55474d5fb0b5e3d8fef8b98cb862b7ab.jpg
1	イカ大根	japanese							FALSE	https://c-chefgohan.gnst.jp/imgdata/recipe/71/04/471/rc234x174_1209180342_b622d0885a19e478081921089b699b88.jpg
0	ほうれん草のごまあえ	japanese	side	cold	bitter,salty,sweet	vegetable 	breakfast,dinner	green,brown	TRUE	https://c-chefgohan.gnst.jp/imgdata/recipe/72/04/472/rc234x174_1209180341_fea4b22fa2191fef9e3573c445b7e464.jpg
1	カレイの煮付け	japanese	side	hot	sweet	fish	lunch,dinner	brown	TRUE	https://c-chefgohan.gnst.jp/imgdata/recipe/73/04/473/rc234x174_1209180340_d9fce07dcb9419ba18bd7d1e9b6717bd.jpg
0	豚汁	japanese	side	hot	salty	meat,vegetable 	dinner	brown,red	TRUE	https://c-chefgohan.gnst.jp/imgdata/recipe/74/04/474/rc234x174_1209180339_722bbd0bd61d2cfc3691fa4ff58e8921.jpg
1	鶏の竜田揚げ	japanese	side	hot	salty	meat	lunch,dinner	brown	TRUE	https://c-chefgohan.gnst.jp/imgdata/recipe/75/04/475/rc234x174_1209180338_53a6a09cdb06bf09648d0e75f5658b26.jpg
1	鯵の南蛮漬け	japanese	side	hot	sour,spicy	fish,vegetable	lunch,dinner	gray,green,red,yellow	TRUE	https://c-chefgohan.gnst.jp/imgdata/recipe/76/04/476/rc234x174_1209211013_978a3de7b79758905d8678e89159ce96.jpg
1	恵方巻き（太巻き）	japanese							FALSE	https://c-chefgohan.gnst.jp/imgdata/recipe/09/29/2909/rc234x174_1501290455_c6a3f8e980162e12d4fe33faadc2e0de.jpg
2	はまぐりのお吸い物	japanese							FALSE	https://c-chefgohan.gnst.jp/imgdata/recipe/33/29/2933/rc234x174_1502180300_1f2be611c78b9fbda7e9a765a8cda3ec.jpg
0	茶碗蒸し　磯辺あん掛け	japanese							FALSE	https://c-chefgohan.gnst.jp/imgdata/recipe/69/29/2969/rc234x174_1503120158_9a304acdbfa403fc31d3225c1607a744.jpg
0	三色手まり寿司	japanese							FALSE	https://c-chefgohan.gnst.jp/imgdata/recipe/70/29/2970/rc234x174_1503121159_dabd18bb574cc3be53424745b490ca67.jpg
0	たけのこ西京土佐煮	japanese							FALSE	https://c-chefgohan.gnst.jp/imgdata/recipe/06/32/3206/rc234x174_1503191133_cb0d460d53766099f555ac4d2fe7a887.jpg
2	まぐろの漬け丼	japanese							FALSE	https://c-chefgohan.gnst.jp/imgdata/recipe/59/32/3259/rc234x174_1505260117_969b91b44905af09e09e4741c9525272.jpg
1	鯵のたたき	japanese							FALSE	https://c-chefgohan.gnst.jp/imgdata/recipe/60/32/3260/rc234x174_1505260431_6d5bddb01c1a816b1b25891af3cfa3c0.jpg
2	鯛の昆布じめ	japanese							FALSE	https://c-chefgohan.gnst.jp/imgdata/recipe/61/32/3261/rc234x174_1505260534_25facdf620939aa4edb2e839b4013dc9.jpg
2	ゴーヤチャンプルー	japanese							FALSE	https://c-chefgohan.gnst.jp/imgdata/recipe/54/33/3354/rc234x174_1508040912_07c8a91909260a0e1f76be74fe40f8ea.jpg
0	ジューシー（沖縄 炊き込み御飯）	japanese							FALSE	https://c-chefgohan.gnst.jp/imgdata/recipe/55/33/3355/rc234x174_1508030447_662e64f5a2c18513968db5d4acd9677f.jpg
0	土鍋で栗ごはん	japanese							FALSE	https://c-chefgohan.gnst.jp/imgdata/recipe/08/35/3508/rc234x174_1509101850_7ac573ca196f4bffa5bddeccb43e5e80.jpg
0	秋刀魚の蒲焼（肝焼き）	japanese							FALSE	https://c-chefgohan.gnst.jp/imgdata/recipe/09/35/3509/rc234x174_1509151322_9d671ac426c2778a9c12a6f310d0998d.jpg
0	蕎麦屋直伝　とり南蛮そば	japanese							FALSE	https://c-chefgohan.gnst.jp/imgdata/recipe/78/38/3878/rc234x174_1512071456_7c3eda55ee0fcafe7dd20ad849cd990b.jpg
2	芋金団（芋の栗きんとん）	japanese							FALSE	https://c-chefgohan.gnst.jp/imgdata/recipe/82/38/3882/rc234x174_1512071827_887e43db5de127a29f4694a6fe051cf6.jpg
1	伊達巻	japanese							FALSE	https://c-chefgohan.gnst.jp/imgdata/recipe/83/38/3883/rc234x174_1512071724_a52d8333ff04d76e56803458d000a3be.jpg
2	黒豆艶煮	japanese							FALSE	https://c-chefgohan.gnst.jp/imgdata/recipe/84/38/3884/rc234x174_1512071744_f4698a7bb864b5d868685e3147b69fb7.jpg
0	鰯のつみれ汁	japanese							FALSE	https://c-chefgohan.gnst.jp/imgdata/recipe/54/40/4054/rc234x174_1603011445_1db0b8757d4e290e4f80517c06701c73.jpg
1	あら汁[潮(うしお)汁]	japanese							FALSE	https://c-chefgohan.gnst.jp/imgdata/recipe/69/40/4069/rc234x174_1603151531_26e9b48b2eaf9ed6e374a4031fbc1833.jpg
0	西京焼き	japanese	side	hot	salty,sweet	fish	lunch,dinner	yellow,white	TRUE	https://c-chefgohan.gnst.jp/imgdata/recipe/71/40/4071/rc234x174_1612211250_ed012fb4950cad6099c95ef9124cfc82.jpg
0	ちりめん山椒（ちりめんじゃこ有馬煮）	japanese							FALSE	https://c-chefgohan.gnst.jp/imgdata/recipe/56/41/4156/rc234x174_1603291132_af38703d2742219b28cabf560a791a91.jpg
2	高野豆腐の煮物	japanese							FALSE	https://c-chefgohan.gnst.jp/imgdata/recipe/57/41/4157/rc234x174_1604201135_43c79f954cf2208f8e99035ae19e2356.jpg
2	金目鯛の煮付け	japanese							FALSE	https://c-chefgohan.gnst.jp/imgdata/recipe/00/42/4200/rc234x174_1604181026_02c5664c1820d6a73bf3029de1f4017a.jpg
0	揚げ出し豆腐	japanese	side	hot	salty,sweet	NULL	dinner	brown,white	TRUE	https://c-chefgohan.gnst.jp/imgdata/recipe/01/42/4201/rc234x174_1604181724_5b6fb31309d94a081c273a2a903b7f1e.jpg
2	茄子の旨煮　揚げ桜海老	japanese							FALSE	https://c-chefgohan.gnst.jp/imgdata/recipe/72/42/4272/rc234x174_1605231900_1f255a4a3f0ac983584ad80ddcc1c0cb.jpg
0	塩鮭の冷やし茶漬け	japanese							FALSE	https://c-chefgohan.gnst.jp/imgdata/recipe/73/42/4273/rc234x174_1606031709_166ba69e696139056bd4d25d4fd9c165.jpg
1	青菜のおひたし	japanese							FALSE	https://c-chefgohan.gnst.jp/imgdata/recipe/67/43/4367/rc234x174_1607041710_790642df15f61d3ae5f499136db8341b.jpg
1	胡麻豆腐	japanese							FALSE	https://c-chefgohan.gnst.jp/imgdata/recipe/68/43/4368/rc234x174_1606301821_76cbaf2cabb7b8e606c1b9860042e51f.jpg
0	野菜の白和え（白酢和え）	japanese							FALSE	https://c-chefgohan.gnst.jp/imgdata/recipe/39/45/4539/rc234x174_1609211650_307ee35e725aae6f1753fc9ad4ea49d2.jpg
0	鯖の幽庵焼	japanese							FALSE	https://c-chefgohan.gnst.jp/imgdata/recipe/57/47/4757/rc234x174_1611071737_fb6c1c1a0630193da4e85e051e6bddca.jpg
0	鶏と冬瓜のにゅうめん	japanese							FALSE	https://c-chefgohan.gnst.jp/imgdata/recipe/81/43/4381/rc234x174_1607251448_0590650664110f962728790bf46c3721.jpg
0	エビ天そば	japanese	main	hot	salty	NULL	lunch,dinner	brown,red,yellow	TRUE	https://c-chefgohan.gnst.jp/imgdata/recipe/11/48/4811/rc234x174_1611241025_794b4deee3e678444a3f3859484876bf.jpg
0	きつねそば	japanese	main	hot	salty,sweet	NULL	lunch,dinner	brown	TRUE	https://c-chefgohan.gnst.jp/imgdata/recipe/10/48/4810/rc234x174_1611221904_1a00f57eb9e29d83fcb232d54ffc1ee7.jpg
0	田作り	japanese							FALSE	https://c-chefgohan.gnst.jp/imgdata/recipe/06/48/4806/rc234x174_1611281604_39105959f13a928eca65c5755186603c.jpg
2	叩きごぼう	japanese							FALSE	https://c-chefgohan.gnst.jp/imgdata/recipe/07/48/4807/rc234x174_1611281617_0b3817234c586e5b11484c9f6bd7f16d.jpg
0	なます	japanese							FALSE	https://c-chefgohan.gnst.jp/imgdata/recipe/08/48/4808/rc234x174_1611281631_97adff4f4d57355f5f020d4efbd47329.jpg
1	鯛骨蒸し すだち餡掛け 白髪ネギ	japanese							FALSE	https://c-chefgohan.gnst.jp/imgdata/recipe/91/47/4791/rc234x174_1611091731_16f7d0e3dca4cdbab0f23c373a7e8744.jpg
1	数の子	japanese							FALSE	https://c-chefgohan.gnst.jp/imgdata/recipe/25/46/4625/rc234x174_1609301545_2318ff80bed3947bf9799bbc168dc085.jpg
1	ふき土佐煮	japanese							FALSE	https://c-chefgohan.gnst.jp/imgdata/recipe/76/44/4476/rc234x174_1609201819_ea0708bcffd66e88ea59176b45497e4d.jpg
0	蛍烏賊沖漬け	japanese							FALSE	https://c-chefgohan.gnst.jp/imgdata/recipe/81/44/4481/rc234x174_1610051904_3ddaba3fa6bbc6de97e6d8bc4c37b3c1.jpg
0	牡蠣釜飯	japanese							FALSE	https://c-chefgohan.gnst.jp/imgdata/recipe/80/44/4480/rc234x174_1609201828_f021bcd121ee0ca6ee677eb2b25be7ba.jpg
1	寿司屋直伝　三色巻き（鉄火・かっぱ・たくあん）	japanese							FALSE	https://c-chefgohan.gnst.jp/imgdata/recipe/00/49/4900/rc234x174_1701201722_51a560d317d856461708ba0c7ef973b4.jpg
0	銀ダラの粕漬け	japanese							FALSE	https://c-chefgohan.gnst.jp/imgdata/recipe/82/48/4882/rc234x174_1701201844_429e219873b60dc9f39997aaef14dd2a.jpg
0	うどん屋直伝　揚げ餅うどん	japanese							FALSE	https://c-chefgohan.gnst.jp/imgdata/recipe/30/49/4930/rc234x174_1702221848_ef282cf603a6b1d86cbe16df85f8dcab.jpg
0	季節野菜の鶏そぼろ餡かけ	japanese							FALSE	https://c-chefgohan.gnst.jp/imgdata/recipe/31/49/4931/rc234x174_1702221855_a6017b63adfd1b5a10e2e09f32fe1898.jpg
2	大根サラダ	japanese	sidle	cold	salty	vegetable	lunch,dinner	white	TRUE	https://c-chefgohan.gnst.jp/imgdata/recipe/32/49/4932/rc234x174_1702221908_0869cd6bfee33f5695c301cd6e909ef9.jpg
2	合鴨と茄子の治部煮	japanese							FALSE	https://c-chefgohan.gnst.jp/imgdata/recipe/03/50/5003/rc234x174_1703220959_01586f2a0ddf1ebaf8141df069de48de.jpg
0	なすの田楽　鶏そぼろ味噌焼	japanese							FALSE	https://c-chefgohan.gnst.jp/imgdata/recipe/73/49/4973/rc234x174_1704241333_16306b5e502b3bdc9e598c9123ce369f.jpg
0	なすの丸炊き	japanese							FALSE	https://c-chefgohan.gnst.jp/imgdata/recipe/74/49/4974/rc234x174_1704241435_c9ec527d93c78cbd1452c2c8d3f56de6.jpg
2	鰆のごま茶漬け	japanese							FALSE	https://c-chefgohan.gnst.jp/imgdata/recipe/60/49/4960/rc234x174_1703031508_31e0b2bcc365f1ede948048e1cf94311.jpg
0	簡単ヘルシーがんもどき 香味野菜刻み	japanese							FALSE	https://c-chefgohan.gnst.jp/imgdata/recipe/81/50/5081/rc234x174_1705311033_fd824bc8f655d8f3ae0b47e0a5fdb1ba.jpg
2	若筍汁	japanese							FALSE	https://c-chefgohan.gnst.jp/imgdata/recipe/58/50/5058/rc234x174_1705071524_abb1c587ba45aaa3275140d15d7130b0.JPG
1	五目豆	japanese							FALSE	https://c-chefgohan.gnst.jp/imgdata/recipe/68/49/4968/rc234x174_1705241528_7c8b00d757a404e7a4e25b023af47e78.jpg
0	和風ポテトサラダ	japanese							FALSE	https://c-chefgohan.gnst.jp/imgdata/recipe/69/49/4969/rc234x174_1705241331_dce29e85585e8db1fabd8a1bfc2b342e.jpg
1	豆腐入りハンバーグ	japanese							FALSE	https://c-chefgohan.gnst.jp/imgdata/recipe/70/49/4970/rc234x174_1705241648_6ca0a47fba1ded00fe53ce64b4eb6848.jpg
2	玉葱ステーキ	japanese							FALSE	https://c-chefgohan.gnst.jp/imgdata/recipe/08/51/5108/rc234x174_1706091749_b8a84f5d07904671aa340fb52b4911fe.jpg
0	胡麻酢和え	japanese							FALSE	https://c-chefgohan.gnst.jp/imgdata/recipe/09/51/5109/rc234x174_1706091750_8945a03bf8b9626e20dbaa79e6b454a1.jpg
2	イチジクのみぞれあん	japanese							FALSE	https://c-chefgohan.gnst.jp/imgdata/recipe/10/51/5110/rc234x174_1706091751_4eacd8d954a699e998579a32223da37b.jpg
0	オムライス	western	main	hot	salty,sweet	meat	lunch,dinner	yellow,red	TRUE	https://c-chefgohan.gnst.jp/imgdata/recipe/08/01/108/rc234x174_1209240459_08666b76d5ba3dd190740bab0f29b16f.jpg
1	エビフライ	western	side	hot	salty	fish	lunch,dinner	red,brown	TRUE	https://c-chefgohan.gnst.jp/imgdata/recipe/09/01/109/rc234x174_1209211010_de2ea37ed951ef5726e13e2e9ebbcbc8.jpg
1	ローストビーフ	western	side	cold	sweet,salty	meat	dinner	red,brown	TRUE	https://c-chefgohan.gnst.jp/imgdata/recipe/10/01/110/rc234x174_1209241056_7c3d8fc47ed52fdf4a69db3d9d56e07a.jpg
1	コールスロー	western							FALSE	https://c-chefgohan.gnst.jp/imgdata/recipe/11/01/111/rc234x174_1209211011_9936da008efc6121e05ab1c94f5c9a8c.jpg
1	ポテトサラダ	western	side	cold	spicy,sweet,saily,sour	vegetable	lunch,dinner	white,yellow,green,red	TRUE	https://c-chefgohan.gnst.jp/imgdata/recipe/23/01/123/rc234x174_1209110909_979882c475f2bcde3fd7920d65aef688.jpg
1	マカロニグラタン	western	side	hot	sweet,salty	NULL	lunch,dinner	white	TRUE	https://c-chefgohan.gnst.jp/imgdata/recipe/24/01/124/rc234x174_1209110910_afd35d72b1337cfc18ba477590a65b04.jpg
0	ビーフポテトコロッケ	western							FALSE	https://c-chefgohan.gnst.jp/imgdata/recipe/25/01/125/rc234x174_1209110912_0fa7e481bce97d46e9d536b0cf9cff54.jpg
0	ロールキャベツ	western	side	hot	salty	meat,vegetable 	dinner	green,brown	TRUE	https://c-chefgohan.gnst.jp/imgdata/recipe/26/01/126/rc234x174_1209110913_c861298bd4b883f5653a60d61cad7ddf.jpg
2	ナポリタン	western	main	hot	salty,sweet	noodle	lunch,dinner	orange,green	TRUE	https://c-chefgohan.gnst.jp/imgdata/recipe/27/01/127/rc234x174_1209110914_02e823a2ef8edd366934c487224a8a49.jpg
2	エビピラフ	western	main	hot	salty,spicy	rice	lunch,dinner	white,pink	TRUE	https://c-chefgohan.gnst.jp/imgdata/recipe/28/01/128/rc234x174_1209110915_06aa6e84eeab4cd05425eb47b3430266.jpg
2	ハンバーグステーキ	western							FALSE	https://c-chefgohan.gnst.jp/imgdata/recipe/29/01/129/rc234x174_1209110916_aac169e9d6308f2705c54bfacbcfc02d.jpg
1	マカロニサラダ	western							FALSE	https://c-chefgohan.gnst.jp/imgdata/recipe/30/01/130/rc234x174_1209110916_e75bb8340a3f533b74cc13639f068e56.jpg
2	カミカツ	western							FALSE	https://c-chefgohan.gnst.jp/imgdata/recipe/31/01/131/rc234x174_1209110918_db10a8d1897daae50c36002ac26f684a.jpg
0	ドライカレー	western	main	hot	spicy,salty	meat	lunch,dinner	brown,green,red	TRUE	https://c-chefgohan.gnst.jp/imgdata/recipe/32/01/132/rc234x174_1209110918_59e16ccc5a1e4eb183e6fd758ed579e2.jpg
0	カニクリームコロッケ	western	side	hot	salty,sweet		dinner	brown,white	TRUE	https://c-chefgohan.gnst.jp/imgdata/recipe/64/06/664/rc234x174_1301210115_8fc30ec88af1f344f00a5b8b68234155.jpg
2	クリームシチュー	western	side	hot	salty,sweet	vegetable	dinner	white,brown	TRUE	https://c-chefgohan.gnst.jp/imgdata/recipe/93/15/1593/rc234x174_1311290219_c7c181c48208960c56e638ea0c92afde.jpg
2	コンソメ	western							FALSE	https://c-chefgohan.gnst.jp/imgdata/recipe/58/20/2058/rc234x174_1401101150_0df0f46c3d95a3dfc5fb55ececf2ca21.jpg
0	メンチカツ	western	side	hot	salty	meat	snack,dinner	brown	TRUE	https://c-chefgohan.gnst.jp/imgdata/recipe/75/22/2275/rc234x174_1403130431_91fca8bda2256f9dfafc1f165eebebfb.jpg
1	エッグベネディクト	western							FALSE	https://c-chefgohan.gnst.jp/imgdata/recipe/34/27/2734/rc234x174_1705121200_4f33a67fb027189ee9185dae731af470.jpg
1	ハンバーガー	western							FALSE	https://c-chefgohan.gnst.jp/imgdata/recipe/80/41/4180/rc234x174_1604081456_1c2c13e5ac30c7ea7bbb5a69ad0c7169.jpg
2	スモークチキン	western							FALSE	https://c-chefgohan.gnst.jp/imgdata/recipe/81/41/4181/rc234x174_1604111146_594b9a08d6d83559c1eef4d928d747ed.jpg
2	チリコンカーン	western							FALSE	https://c-chefgohan.gnst.jp/imgdata/recipe/82/41/4182/rc234x174_1604131201_8d99fd71e81149fd0197d6fe4cade45f.jpg
1	ムール貝の白ワイン蒸し	western							FALSE	https://c-chefgohan.gnst.jp/imgdata/recipe/13/48/4813/rc234x174_1612081859_23a58bcbe0f02c15fc1fea0d14c88e2c.jpg
2	鶏もも肉のベルギービール煮込み	western							FALSE	https://c-chefgohan.gnst.jp/imgdata/recipe/14/48/4814/rc234x174_1612081911_d5725bb1bf45e1b06448e13de0864ed8.jpg
1	オムライス ～ホワイトソース～	western							FALSE	https://c-chefgohan.gnst.jp/imgdata/recipe/89/48/4889/rc234x174_1701311425_77d42424bec863c4949122c317ecca25.jpg
0	フライドチキン	western	side	hot	salty,spicy	meat	snack,dinner	brown	TRUE	https://c-chefgohan.gnst.jp/imgdata/recipe/09/49/4909/rc234x174_1702101932_3615d854a9039d8c5c2ce8985cf25767.jpg
2	ミートローフ	western							FALSE	https://c-chefgohan.gnst.jp/imgdata/recipe/07/49/4907/rc234x174_1702101144_01ec4143c0334be1b50dcb2825c413ef.jpg
1	手作り あらびきソーセージ	western							FALSE	https://c-chefgohan.gnst.jp/imgdata/recipe/08/49/4908/rc234x174_1702102042_755c84b23982d46df0cc6691a1fe4abe.jpg
2	シュパーゲル オランデーズソース（ホワイトアスパラガス）	western							FALSE	https://c-chefgohan.gnst.jp/imgdata/recipe/14/50/5014/rc234x174_1704121205_e279e21aeeb0969ba657b35ff795ab1a.jpg
0	ツヴィーベルクーヘン（ドイツ風 玉ねぎのキッシュ）	western							FALSE	https://c-chefgohan.gnst.jp/imgdata/recipe/15/50/5015/rc234x174_1704121352_5dd68e1ce9f88424ddb4d1a5ffd37396.jpg
1	マウルタッシェン　きのこのホワイトソース	western							FALSE	https://c-chefgohan.gnst.jp/imgdata/recipe/16/50/5016/rc234x174_1704121559_9c4093fd055d3a7b975ecd0f6b280ab7.jpg
1	ユワレラキア (ミートボールのレモンソース煮)	western							FALSE	https://c-chefgohan.gnst.jp/imgdata/recipe/65/50/5065/rc234x174_1705221543_6f5b7aa1f9a8db507c5ae42655003525.jpg
0	メリジャネス・イマン・バルディ(ナスの野菜詰め)	western							FALSE	https://c-chefgohan.gnst.jp/imgdata/recipe/66/50/5066/rc234x174_1705221544_8d14547263a5b48ffaaa6614af58590b.jpg
0	taramosalata（タラモサラダ）	western							FALSE	https://c-chefgohan.gnst.jp/imgdata/recipe/67/50/5067/rc234x174_1705221545_e9a781fe38e4aa5a27d6816067b8ec2a.jpg
0	魚介カタプラーナ	western							FALSE	https://c-chefgohan.gnst.jp/imgdata/recipe/62/50/5062/rc234x174_1705111439_ee4712e689ab9f3c2c040703885ecaee.jpg
1	バカリャウ・ア・ブラーシュ（塩ダラのスクランブルエッグ）	western							FALSE	https://c-chefgohan.gnst.jp/imgdata/recipe/63/50/5063/rc234x174_1705151804_457919a3b42375417212d951454032c3.jpg
0	にんじんのポタージュ	western							FALSE	https://c-chefgohan.gnst.jp/imgdata/recipe/47/50/5047/rc234x174_1704211437_ff34618234bafaeb07d3a260ca6f4f50.jpg
0	エビチリ	chinese	side	hot	sweet,salty,spicy	fish	lunch,dinner	red	TRUE	https://c-chefgohan.gnst.jp/imgdata/recipe/99/00/99/rc234x174_1209100818_21faaa88dd8b646649ea58c5eb4c1a62.jpg
2	酢豚	chinese	side	hot	sweet,salty	meet	dinner	brown,red,green	TRUE	https://c-chefgohan.gnst.jp/imgdata/recipe/00/01/100/rc234x174_1209100828_307a89b0162d2dac4db74062cd910836.jpg
0	あんかけ かに玉	chinese	side	hot	salty,sweet,sour	NULL	lunch,dinner	yellow,green	TRUE	https://c-chefgohan.gnst.jp/imgdata/recipe/01/01/101/rc234x174_1211280546_c806949f3e0a5916bf6001c013b704d8.jpeg
1	サンラータン	chinese							FALSE	https://c-chefgohan.gnst.jp/imgdata/recipe/03/01/103/rc234x174_1209100840_6e100ea5c57b4f327af79ee304b95dd6.jpg
1	にらたま	chinese	side	hot	salty,sweet	vegetable	lunch,dinner	yellow,green	TRUE	https://c-chefgohan.gnst.jp/imgdata/recipe/04/01/104/rc234x174_1209100842_e892d74c5aa123f37ac09bbf055d7764.jpg
2	チャーハン	chinese	main	hot	salty,spicy	rice	lunch,dinner	brown,yellow,red	TRUE	https://c-chefgohan.gnst.jp/imgdata/recipe/05/01/105/rc234x174_1209100850_d5aad63e2acea1ea936178c6bc542933.jpg
1	青椒肉絲（チンジャオロース）	chinese	side	hot	salty	meat,vegetable	lunch,dinner 	green,brown,yellow	TRUE	https://c-chefgohan.gnst.jp/imgdata/recipe/06/01/106/rc234x174_1209100852_6abbf624769f61bc3b1df0f15cb8b67a.jpg
0	坦々麺	chinese	main	hot	spicy,salty	noodle	lunch,dinner 	red,white,green,yellow	TRUE	https://c-chefgohan.gnst.jp/imgdata/recipe/07/01/107/rc234x174_1209100855_a99c55991173a7e4be38ac98f0ebcf9e.jpg
1	豚の角煮	chinese	side	hot	sweet	meat	lunch,dinner 	brown	TRUE	https://c-chefgohan.gnst.jp/imgdata/recipe/26/04/426/rc234x174_1209171230_936401608c5febf77c28b9fd612bfddf.jpg
1	紅油水餃～ホンユースイジャオ～（水餃子）	chinese							FALSE	https://c-chefgohan.gnst.jp/imgdata/recipe/27/04/427/rc234x174_1209171239_c815209c77765ade2f2a9f273426f9ae.jpg
1	棒々鶏 （バンバンジー)	chinese	side	cold	sweet,sour	meat,vegetable	lunch,dinner	white,green,red	TRUE	https://c-chefgohan.gnst.jp/imgdata/recipe/29/04/429/rc234x174_1209171247_9db365d2c3caa3acb6b3779e27cb273b.jpg
1	冷やし中華	chinese	main	cold	sour,sweet	noodle,vegetable	lunch,dinner	yellow,green,red	TRUE	https://c-chefgohan.gnst.jp/imgdata/recipe/33/04/433/rc234x174_1209170107_59d000c9a35b470a54334cf12cff2e86.jpg
0	肉だんご　甘酢あんかけ	chinese							FALSE	https://c-chefgohan.gnst.jp/imgdata/recipe/42/04/442/rc234x174_1209170134_09cdd796638414b795c4dd6d8ec8bdc9.jpg
0	あさりのchinese粥	chinese							FALSE	https://c-chefgohan.gnst.jp/imgdata/recipe/44/04/444/rc234x174_1209170138_0a4bb21df5b1f10608c0e26260c00166.jpg
2	春巻き	chinese	side	hot	salty	NULL	lunch,dinner	brown	TRUE	https://c-chefgohan.gnst.jp/imgdata/recipe/47/04/447/rc234x174_1209170147_c3fecf925c57456051c721acd4cfd587.jpg
0	卵スープ	chinese	side	hot	salty	NULL	breakfast,lunch,dinner	yellow,white	TRUE	https://c-chefgohan.gnst.jp/imgdata/recipe/48/04/448/rc234x174_1209170200_1d6d0398c06451d402ae30d2263a4ede.jpg
1	麻婆豆腐	chinese	side	hot	spicy	meat	lunch,dinner	red,white,brown	TRUE	https://c-chefgohan.gnst.jp/imgdata/recipe/66/04/466/rc234x174_1209170415_36911406347e9d36b18965518ea76392.jpg
1	回鍋肉 （ホイコーロー）	chinese	side	hot	sweet,salty	meat,vegetable	lunch,dinner	brown,green	TRUE	https://c-chefgohan.gnst.jp/imgdata/recipe/67/04/467/rc234x174_1209170416_9bf08dfc05b7fb578b8a704fc50d3689.jpg
0	焼きそば	chinese	main	hot	salty	noodle,vegetable 	lunch,dinner 	brown,red,yellow	TRUE	https://c-chefgohan.gnst.jp/imgdata/recipe/68/04/468/rc234x174_1209170417_fa1a0137b2c9445d070c092e5eb569e5.jpg
1	白身魚の姿蒸し	chinese							FALSE	https://c-chefgohan.gnst.jp/imgdata/recipe/85/04/485/rc234x174_1209211006_589f8f75190d66e715ed7a5307be2cac.jpg
2	イカのミルク炒め	chinese							FALSE	https://c-chefgohan.gnst.jp/imgdata/recipe/88/04/488/rc234x174_1209190433_805f8a55fd851072f4a69cf321b1f4e9.jpg
1	麻婆春雨	chinese	side	hot	spicy	meat	lunch,dinner	brown,red	TRUE	https://c-chefgohan.gnst.jp/imgdata/recipe/90/04/490/rc234x174_1209190437_767498fa35a7f33644f5f3da723e3abc.jpg
0	麻婆茄子	chinese	side	hot	spicy,salty	vegetable 	lunch,dinner	red,brown	TRUE	https://c-chefgohan.gnst.jp/imgdata/recipe/56/33/3356/rc234x174_1508110259_4a215f308b06573485a974f94dcbe69d.jpg
0	鶏とカシューナッツのピリ辛炒め	chinese							FALSE	https://c-chefgohan.gnst.jp/imgdata/recipe/57/33/3357/rc234x174_1508110304_d8ad6b12449ea207d64e80247c25e969.jpg
1	chineseちまき（粽子）	chinese							FALSE	https://c-chefgohan.gnst.jp/imgdata/recipe/10/42/4210/rc234x174_1604181741_0dad2c788d3be3d6fc888a5e405690c9.jpg
2	XO醤と彩色野菜のchinese焼きそば	chinese							FALSE	https://c-chefgohan.gnst.jp/imgdata/recipe/19/42/4219/rc234x174_1605101347_5ed2bbb9371dd48545b5f26e5af91c44.jpg
0	鶏肉のスパイシー炒め	chinese							FALSE	https://c-chefgohan.gnst.jp/imgdata/recipe/33/44/4433/rc234x174_1609211142_c1f07aaeaeb25ddd8301f326d0c8b24c.jpg
1	卵とトマトの炒めもの	chinese							FALSE	https://c-chefgohan.gnst.jp/imgdata/recipe/34/44/4434/rc234x174_1609232101_48d3ce82d0ff54f70b97d0acabf32691.jpg
2	八宝菜	chinese	side	hot	salty,spicy	vegetable	lunch,dinner	white,brown	TRUE	https://c-chefgohan.gnst.jp/imgdata/recipe/10/47/4710/rc234x174_1610121201_5d22a72b517b01792c339f3b80f960c7.jpg
2	茹でワンタン	chinese							FALSE	https://c-chefgohan.gnst.jp/imgdata/recipe/33/50/5033/rc234x174_1704181733_f0d95388882c035da15bc6e03a6cee9a.jpg
0	揚げワンタン	chinese							FALSE	https://c-chefgohan.gnst.jp/imgdata/recipe/34/50/5034/rc234x174_1704181822_ca5264ca3c3b7aaafab93456021bf5dd.jpg
1	家常豆腐（揚げ豆腐肉野菜の辛煮）	chinese							FALSE	https://c-chefgohan.gnst.jp/imgdata/recipe/35/50/5035/rc234x174_1704191323_e5d5e9b257f81d4ce13a2f0a9c58ee30.jpg
2	玻璃蒸蝦餃（広東風 海老蒸し餃子）	chinese							FALSE	https://c-chefgohan.gnst.jp/imgdata/recipe/21/50/5021/rc234x174_1705111850_1f3aa5cabfb6ea1306c5224bc9882ca4.jpg
1	滑蛋蟹肉（広東風 ふんわりかに玉）	chinese							FALSE	https://c-chefgohan.gnst.jp/imgdata/recipe/22/50/5022/rc234x174_1705120931_aa39c989ae613703d02fe392b8d35f0d.jpg
0	冬瓜燉鶏翼（広東風 冬瓜と鶏手羽元の薬膳蒸しスープ）	chinese							FALSE	https://c-chefgohan.gnst.jp/imgdata/recipe/23/50/5023/rc234x174_1705121215_37025fe1c2a239a8610c4add6b523403.jpg
2	テリーヌ	french							FALSE	https://c-chefgohan.gnst.jp/imgdata/recipe/12/01/112/rc234x174_1209100922_4afe428b9b15f4f037b3a125b8f5c0a1.jpg
1	ムニエル	french	side	hot	salty,sweet	fish	lunch,dinner	white	TRUE	https://c-chefgohan.gnst.jp/imgdata/recipe/15/01/115/rc234x174_1209110247_0d1f8b414df9de9eb09a0a7ce44fa93a.jpg
2	ビーフシチュー	french	side	hot	salty	meet	dinner	black	TRUE	https://c-chefgohan.gnst.jp/imgdata/recipe/16/01/116/rc234x174_1209110250_849922c67c88e1cb7d55c3f50460848f.jpg
0	コーンポタージュ	french							FALSE	https://c-chefgohan.gnst.jp/imgdata/recipe/17/01/117/rc234x174_1209110251_3d86ed10c099f111f71d81d38c2030b2.jpg
2	ビーフストロガノフ	french							FALSE	https://c-chefgohan.gnst.jp/imgdata/recipe/18/01/118/rc234x174_1209110302_eb72741d03cabc05b54edaa6c4c7b110.jpg
2	かぼちゃの冷製クリームスープ	french							FALSE	https://c-chefgohan.gnst.jp/imgdata/recipe/19/01/119/rc234x174_1209110306_5f76d59b4b1488424ffa3e9dc2623047.jpg
1	ポ・ト・フー	french							FALSE	https://c-chefgohan.gnst.jp/imgdata/recipe/21/03/321/rc234x174_1209160526_fa401727c187658aad36bd52d9d29e10.jpg
0	ラタトゥイユ	french	side	hot	spicy,salty	vegetable	dinner	red,yellow,green	TRUE	https://c-chefgohan.gnst.jp/imgdata/recipe/22/03/322/rc234x174_1209160526_deff9fff2aad12313fe4cb9991e8005a.jpg
1	マダイのカルパッチョ	french							FALSE	https://c-chefgohan.gnst.jp/imgdata/recipe/23/03/323/rc234x174_1209160527_81c2c5f7cec79bf884ad4d591a313872.jpg
0	レバーペースト	french							FALSE	https://c-chefgohan.gnst.jp/imgdata/recipe/24/03/324/rc234x174_1209160527_c845c33cac5506e2a90d6c387e817b68.jpg
1	シーザーサラダ	french	side	cold	sour	vegetable	breakfast,lunch,dinner	green,yellow,white	TRUE	https://c-chefgohan.gnst.jp/imgdata/recipe/25/03/325/rc234x174_1209160528_565555722dfe6d1721dcdc377915e0f3.jpg
2	ポークソテー	french							FALSE	https://c-chefgohan.gnst.jp/imgdata/recipe/26/03/326/rc234x174_1209160528_5d4a25e4bce3f7c793583fdd03a38b1c.jpg
0	オニオングラタンスープ	french							FALSE	https://c-chefgohan.gnst.jp/imgdata/recipe/49/06/649/rc234x174_1301040809_7642a2d451a120c101551f26bd38ab07.jpeg
2	ピサラディエール	french							FALSE	https://c-chefgohan.gnst.jp/imgdata/recipe/25/13/1325/rc234x174_1307190130_42c7c8aaa2176ca15415838b9536395e.jpg
0	パテ　ド　カンパーニュ	french							FALSE	https://c-chefgohan.gnst.jp/imgdata/recipe/39/21/2139/rc234x174_1402210150_6901a0072064a9be8da3e89a33475c81.jpg
2	ブイヤベース	french	side	hot	spicy	fish	dinner	red	TRUE	https://c-chefgohan.gnst.jp/imgdata/recipe/55/28/2855/rc234x174_1411100548_e63d609cf3ef11713fdab842bdc98cb2.jpg
0	キッシュ ロレーヌ（ロレーヌ風キッシュ）	french							FALSE	https://c-chefgohan.gnst.jp/imgdata/recipe/28/32/3228/rc234x174_1504131110_1f17631130a4f090f7052f926f8a6a1d.jpg
0	白身魚のポワレ	french							FALSE	https://c-chefgohan.gnst.jp/imgdata/recipe/29/32/3229/rc234x174_1504130127_daf4ad86f34284af490bc9949c86c3fa.jpg
2	マッシュポテト	french							FALSE	https://c-chefgohan.gnst.jp/imgdata/recipe/30/32/3230/rc234x174_1504130133_a2aa07fcd3c36d34e4c208079b304874.jpg
2	鶏胸肉のポッシェ　きのこのソース	french							FALSE	https://c-chefgohan.gnst.jp/imgdata/recipe/64/34/3464/rc234x174_1509031358_7bc0e6d2567e4b31ac15ff0b105e03e6.jpg
1	若鶏のフリカッセ　アンシエンヌ風　バターライス添え	french							FALSE	https://c-chefgohan.gnst.jp/imgdata/recipe/93/38/3893/rc234x174_1512211450_0557bd70a93d7c909b1bcd2160c2fcfc.jpg
0	ホタテと春野菜のエチュベ	french							FALSE	https://c-chefgohan.gnst.jp/imgdata/recipe/88/39/3988/rc234x174_1602011556_66961bb28dd96fa5055f5ee9575afb86.jpg
1	コック・オ・ヴァン（鶏の赤ワイン煮）	french							FALSE	https://c-chefgohan.gnst.jp/imgdata/recipe/79/45/4579/rc234x174_1609291807_b07335913e6fcc8b3ff0613450106a5f.jpg
0	サーモンのリエット	french							FALSE	https://c-chefgohan.gnst.jp/imgdata/recipe/80/45/4580/rc234x174_1610041443_c518748f281d2c873e2f47c17548aac4.jpg
0	ビシソワーズ（じゃがいもの冷製スープ）	french							FALSE	https://c-chefgohan.gnst.jp/imgdata/recipe/81/45/4581/rc234x174_1609291840_6e9e4de92ee3dad1210cf39265a86cc0.jpg
1	ファルシ ～Legumes Farcis~（野菜の詰め物）	french							FALSE	https://c-chefgohan.gnst.jp/imgdata/recipe/58/44/4458/rc234x174_1609051320_802e4375f933cbd870a406a36e0b505f.jpg
1	ソッカ ～Socca～ （ひよこ豆のクレープ）	french							FALSE	https://c-chefgohan.gnst.jp/imgdata/recipe/59/44/4459/rc234x174_1609051320_bb1b25683f0aec40b88771a8d2b5152c.jpg
1	パニス ～Panisse～（ひよこ豆のフライ）	french							FALSE	https://c-chefgohan.gnst.jp/imgdata/recipe/60/44/4460/rc234x174_1609051320_e7933ddd5ff8159ba8b76d824eea4e9d.jpg
1	スープ・ド・ポワソン (soupe de poisson)	french							FALSE	https://c-chefgohan.gnst.jp/imgdata/recipe/73/47/4773/rc234x174_1611111501_7f7099b857f97d0558daae5eb597fe98.jpg
2	サラダ ニシソワーズ （ニース風サラダ）	french							FALSE	https://c-chefgohan.gnst.jp/imgdata/recipe/74/47/4774/rc234x174_1611170917_32ed156a74b4ebd5a0749f489244ef81.jpg
1	豚肉のリエット	french							FALSE	https://c-chefgohan.gnst.jp/imgdata/recipe/75/47/4775/rc234x174_1611170949_0323ff3e6f930ab82b7725faa58585a6.jpg
0	アシ・パルマンティエ（牛肉の赤ワイン煮込み）	french							FALSE	https://c-chefgohan.gnst.jp/imgdata/recipe/85/45/4585/rc234x174_1609211318_1bb44d9eb7a7c107b1ad41ca0eb35baa.jpg
2	具沢山のタブレ	french							FALSE	https://c-chefgohan.gnst.jp/imgdata/recipe/86/45/4586/rc234x174_1609211318_9bbe6d7817aafc36399bb6d357ff3b31.jpg
2	ブッフ・ア・ラ・クレーム（牛肉のクリーム煮）	french							FALSE	https://c-chefgohan.gnst.jp/imgdata/recipe/17/44/4417/rc234x174_1608171508_bdbe7697a35b7cfdc71de3f6883a97bd.jpg
1	キャロット・ラペ	french							FALSE	https://c-chefgohan.gnst.jp/imgdata/recipe/18/44/4418/rc234x174_1608171525_704e2ef1f3870c7318f8a3507cd15abe.jpg
0	家庭でお手軽 コトリヤード	french							FALSE	https://c-chefgohan.gnst.jp/imgdata/recipe/46/45/4546/rc234x174_1609081640_16cab30747eed2d62df8c2717c5470a6.jpg
2	豚ばら肉のコンフィ	french							FALSE	https://c-chefgohan.gnst.jp/imgdata/recipe/07/40/4007/rc234x174_1602171306_8c9a3cf9ece11c08e317c33fc969354a.jpg
0	鶏肉のコンフィ	french							FALSE	https://c-chefgohan.gnst.jp/imgdata/recipe/14/04/414/rc234x174_1209170440_e8468bce3e8c94e9b37b1a5f27335766.jpg
1	クスクス ロワイヤル	french							FALSE	https://c-chefgohan.gnst.jp/imgdata/recipe/37/49/4937/rc234x174_1702161810_dc8590e028e62ef2fc8c8451c6b728a1.jpg
1	チキンのトマト煮込み	french							FALSE	https://c-chefgohan.gnst.jp/imgdata/recipe/92/48/4892/rc234x174_1703241418_41cbcb526d0d8f5a9d9796fd584d6cc9.jpg
2	ポタージュ キュルティバトゥール	french							FALSE	https://c-chefgohan.gnst.jp/imgdata/recipe/71/49/4971/rc234x174_1703211147_53579a2b9bc2c60f24ae21da55591b4c.jpg
1	鶏手羽のア・ラ・プロヴァンサル	french							FALSE	https://c-chefgohan.gnst.jp/imgdata/recipe/72/49/4972/rc234x174_1704181045_562aa9b2a7de09b61c9b5b22c4525148.jpg
2	チキン・コルドン・ブルー（鶏むね肉のチーズはさみ揚げ）	french							FALSE	https://c-chefgohan.gnst.jp/imgdata/recipe/26/50/5026/rc234x174_1704191504_a809ed3c5e2bcef752aa52c7dd38032f.jpg
2	カスレ（肉と白インゲン豆の煮込み）	french							FALSE	https://c-chefgohan.gnst.jp/imgdata/recipe/27/50/5027/rc234x174_1704191535_20dc575efabfb11846df226ce329eace.jpg
2	そば粉のガレット	french							FALSE	https://c-chefgohan.gnst.jp/imgdata/recipe/28/50/5028/rc234x174_1704191633_f4e66d9c0a8d5ba2c234f7229047f72a.jpg
1	レギューム・ア・ラ・グレック（ギリシャ風ピクルス）	french							FALSE	https://c-chefgohan.gnst.jp/imgdata/recipe/30/50/5030/rc234x174_1704251125_33f82a35ea87dc873965a7db2e66ce98.jpg
2	グラタン ドゥフィノア（じゃがいものグラタン）	french							FALSE	https://c-chefgohan.gnst.jp/imgdata/recipe/31/50/5031/rc234x174_1704261329_da9a2d472649b96f631c53606ed9ddd9.jpg
2	豚フィレ肉のピカタ	french							FALSE	https://c-chefgohan.gnst.jp/imgdata/recipe/32/50/5032/rc234x174_1704261416_d509696054908f3755da92bdc0bc3fdb.jpg
1	チーズスフレ	french							FALSE	https://c-chefgohan.gnst.jp/imgdata/recipe/78/04/478/rc234x174_1209180209_a6cbddb6fdb360e3ad5813d250247c4c.jpg
2	若鶏のバロティーヌ　野菜添え	french							FALSE	https://c-chefgohan.gnst.jp/imgdata/recipe/57/49/4957/rc234x174_1704281528_4dc2390fa0e4a6754828f11016118213.jpg
2	スープ ド シャンピニオン（きのこの濃厚スープ）	french							FALSE	https://c-chefgohan.gnst.jp/imgdata/recipe/58/49/4958/rc234x174_1704281538_2391bff25026116b4d0d2ec770031236.jpg
1	干鱈とじゃがいものブランダード	french							FALSE	https://c-chefgohan.gnst.jp/imgdata/recipe/98/50/5098/rc234x174_1707051732_45f092c3873072a98dc3afd113e2d61a.jpg
1	アーティチョークのバリグール	french							FALSE	https://c-chefgohan.gnst.jp/imgdata/recipe/99/50/5099/rc234x174_1707051453_0b53473313d6ea64b60b1146e52b5508.jpg
1	ペペロンチーノ	italian	main	hot	salty,spicy	noodle	lunch,dinner	yellow,red	TRUE	https://c-chefgohan.gnst.jp/imgdata/recipe/33/01/133/rc234x174_1209110927_26757ad0cd6407d525beb515e676c4ab.jpg
2	バーニャカウダ	italian							FALSE	https://c-chefgohan.gnst.jp/imgdata/recipe/34/01/134/rc234x174_1209110928_811a670e2d06cca78bf3fa86a3135025.jpg
2	トマトの冷製パスタ	italian							FALSE	https://c-chefgohan.gnst.jp/imgdata/recipe/35/01/135/rc234x174_1209110930_7c8a2f07632c2c0f07db7e41fe8272ac.jpg
1	カルボナーラ	italian	main	hot	salty,sweet	noodle	lunch,dinner	yellow,pink	TRUE	https://c-chefgohan.gnst.jp/imgdata/recipe/36/01/136/rc234x174_1308080454_de786452ccca101433e76dca0ff4e644.jpg
2	いわしの香草焼き(ベッカフィーコ)	italian							FALSE	https://c-chefgohan.gnst.jp/imgdata/recipe/37/01/137/rc234x174_1606091409_be406ccc26ebe124adb4c784577b07dc.jpg
1	アクアパッツァ	italian	side	hot	salty	fish,vegetable	dinner	red,gray,green	TRUE	https://c-chefgohan.gnst.jp/imgdata/recipe/38/01/138/rc234x174_1209110933_7496c3b22fc7026f13d601932bd4154b.jpg
1	シチリア風カポナータ	italian							FALSE	https://c-chefgohan.gnst.jp/imgdata/recipe/39/01/139/rc234x174_1209110934_084a009ac1ebf9d7fd616c7dbbb35402.jpg
0	ポモドーロ	italian							FALSE	https://c-chefgohan.gnst.jp/imgdata/recipe/40/01/140/rc234x174_1209110934_718e34dfd55ea026a26001fad791bcd2.jpg
1	ジェノベーゼ	italian							FALSE	https://c-chefgohan.gnst.jp/imgdata/recipe/42/01/142/rc234x174_1209110936_b7b57d75e5232f84aa4937faf0e1610b.jpg
2	カッスーラ	italian							FALSE	https://c-chefgohan.gnst.jp/imgdata/recipe/19/07/719/rc234x174_1302040143_c7a62d8887e529f336b32933ccc9990c.jpg
1	クワトロフォルマッジ　4種のチーズのピザ	italian							FALSE	https://c-chefgohan.gnst.jp/imgdata/recipe/04/24/2404/rc234x174_1404190239_7e952ea6e3fec8e727bca57f421acaee.jpg
2	Zuppa di pesce ヴィアレッジョ風魚介のスープ	italian							FALSE	https://c-chefgohan.gnst.jp/imgdata/recipe/53/27/2753/rc234x174_1409190155_9fe521d232692e310ca84aa189992007.jpg
0	モンタナーラ （揚げピッツァ）	italian							FALSE	https://c-chefgohan.gnst.jp/imgdata/recipe/48/28/2848/rc234x174_1511091153_cd733988940b2472758d611c84b98741.jpg
1	ミラノ風カツレツ	italian							FALSE	https://c-chefgohan.gnst.jp/imgdata/recipe/72/41/4172/rc234x174_1604111827_d9b31e5da845570f81f2193e6127d43f.jpg
1	魚介のフリット・ミスト	italian							FALSE	https://c-chefgohan.gnst.jp/imgdata/recipe/73/41/4173/rc234x174_1604061329_3c7871d40ed3fcea9eca7d351e8b5662.jpg
0	グリッシーニ	italian							FALSE	https://c-chefgohan.gnst.jp/imgdata/recipe/74/41/4174/rc234x174_1604061402_fa8490f3c2c3b362b5f4b592ed6f4c6a.jpg
0	手打ち生パスタ“ほうれん草のフェットチーネ”　ボスカイオーラ	italian							FALSE	https://c-chefgohan.gnst.jp/imgdata/recipe/60/42/4260/rc234x174_1605191611_752fedd7c1339aabced0fad6645bc0da.jpg
1	ミネストローネ　トスカーナ風	italian							FALSE	https://c-chefgohan.gnst.jp/imgdata/recipe/61/42/4261/rc234x174_1605191626_8fe45c743abc955dbaeff44f90f0577c.jpg
0	4種のチーズ入り　手作りラビオリ	italian							FALSE	https://c-chefgohan.gnst.jp/imgdata/recipe/04/43/4304/rc234x174_1606101332_50ecd5142e2c0ca30b3b599bbd3bef12.jpg
0	リゾット	italian	main	hot	salty,spicy	rice	lunch,dinner	white	TRUE	https://c-chefgohan.gnst.jp/imgdata/recipe/06/43/4306/rc234x174_1606131334_3590975eee4234396ccba53a0ae0062c.jpg
2	ロンバルディア風ステーキ	italian							FALSE	https://c-chefgohan.gnst.jp/imgdata/recipe/07/43/4307/rc234x174_1606131341_1ac8d22ce732f0b566e16cf76e8162ba.jpg
2	トマトソースのスパゲティ　モッツァレラチーズ入り	italian							FALSE	https://c-chefgohan.gnst.jp/imgdata/recipe/54/43/4354/rc234x174_1607041425_e28d2569f09f1662627ec1dc54c050c2.jpg
0	ズッキーニのフリッタータ	italian							FALSE	https://c-chefgohan.gnst.jp/imgdata/recipe/67/44/4467/rc234x174_1611091042_5619d4fccca5ba8189b9bfdb682215d0.jpg
1	ナポリ風　野菜のフリット	italian							FALSE	https://c-chefgohan.gnst.jp/imgdata/recipe/68/44/4468/rc234x174_1611091043_a68e4dea8addb3bff65bc6681d14709a.jpg
1	インペパータ ディ コッツェ （ムール貝のインペパータ）	italian							FALSE	https://c-chefgohan.gnst.jp/imgdata/recipe/69/44/4469/rc234x174_1611091043_d1f98b7b6e776dd622859fe72dc5d558.jpg
1	ボンゴレ ビアンコ（あさりのスパゲティ）	italian							FALSE	https://c-chefgohan.gnst.jp/imgdata/recipe/53/43/4353/rc234x174_1607041147_1d04a12a9f80cbf27f70630c2213af72.jpg
2	ペンネ アラビアータ	italian							FALSE	https://c-chefgohan.gnst.jp/imgdata/recipe/31/39/3931/rc234x174_1601081104_edaf236a0260f7bf904c5fc69cd628a8.jpg
0	鶏もも肉のカチャトーラ	italian							FALSE	https://c-chefgohan.gnst.jp/imgdata/recipe/32/39/3932/rc234x174_1601081105_5a9c2e533444041dcf92f154a3a621f1.jpg
0	ポルペットーネ	italian							FALSE	https://c-chefgohan.gnst.jp/imgdata/recipe/30/47/4730/rc234x174_1610261028_d585c5206177cc82445bf307fb209b5d.jpg
0	桜エビと生海苔のゼッポリーネ	italian							FALSE	https://c-chefgohan.gnst.jp/imgdata/recipe/50/30/3050/rc234x174_1503021249_368c0a51245099188df56a0ae809b9c6.jpg
0	豚肉と椎茸のスカロッピーネ	italian							FALSE	https://c-chefgohan.gnst.jp/imgdata/recipe/99/47/4799/rc234x174_1611161616_62d1a67cff282a987a825d94dd35610d.jpg
0	ピッツァ マルゲリータ	italian							FALSE	https://c-chefgohan.gnst.jp/imgdata/recipe/79/47/4779/rc234x174_1701101914_c6f63f3cd6b25c163c83266a45970e90.jpg
1	仔牛のサルティンボッカ　白ワインソース	italian							FALSE	https://c-chefgohan.gnst.jp/imgdata/recipe/62/49/4962/rc234x174_1703071318_5b64d25f5181caa4c2c2a21dc2a52d08.jpg
1	カネロニ	italian							FALSE	https://c-chefgohan.gnst.jp/imgdata/recipe/63/49/4963/rc234x174_1703071447_ada10e070a4b8ee8d4434b58fb8474dd.jpg
2	スパゲッティ ノルマ	italian							FALSE	https://c-chefgohan.gnst.jp/imgdata/recipe/04/50/5004/rc234x174_1704101301_59c05bfb2e5df2a73082fcb8fc2f9218.JPG
2	地鶏のシチリア風ロースト	italian							FALSE	https://c-chefgohan.gnst.jp/imgdata/recipe/05/50/5005/rc234x174_1704101230_b870be8e49d02195a6781703902bc0cf.JPG
0	パエリア	spanish	main	hot	salty	fish,rice	lunch,dinner	yellow,red	TRUE	https://c-chefgohan.gnst.jp/imgdata/recipe/43/01/143/rc234x174_1209111011_42513f8716c097ba77269836e3f2a133.jpg
0	ガスパチョ	spanish							FALSE	https://c-chefgohan.gnst.jp/imgdata/recipe/44/01/144/rc234x174_1209111012_bbb0579f5601966949183a6a362b1e25.jpg
0	スペイン風オムレツ	spanish							FALSE	https://c-chefgohan.gnst.jp/imgdata/recipe/45/01/145/rc234x174_1209111014_ff5b8e528d359b30b3efcddd5fea881e.jpg
0	若鶏のトマト煮込み  バスク風	spanish							FALSE	https://c-chefgohan.gnst.jp/imgdata/recipe/00/21/2100/rc234x174_1402070115_289f984cda83dbc775c5bb74a341cab1.jpg
1	エスカベッシュ（お魚と野菜の酢漬け）	spanish							FALSE	https://c-chefgohan.gnst.jp/imgdata/recipe/51/33/3351/rc234x174_1507270457_814df8cd55cd101248b6dbf7bcb57f32.jpg
1	海と山の幸のお米料理（アロス・カルドソ）	spanish							FALSE	https://c-chefgohan.gnst.jp/imgdata/recipe/51/37/3751/rc234x174_1511191417_a6dda6061310187da080f61561b7bcaa.jpg
2	魚介のフィデウア（パスタのパエリア）	spanish							FALSE	https://c-chefgohan.gnst.jp/imgdata/recipe/55/42/4255/rc234x174_1605181630_3928e2d1bf67475d3b0fe1c1a5546a97.jpg
0	鶏肉のアヒージョ	spanish							FALSE	https://c-chefgohan.gnst.jp/imgdata/recipe/56/42/4256/rc234x174_1605181642_6c13389cd6e837829eb8ae4801ce6690.jpg
1	海老のアヒージョ	spanish	side	hot	salty,spicy	fish	dinner	yellow,red	TRUE	https://c-chefgohan.gnst.jp/imgdata/recipe/57/42/4257/rc234x174_1605181707_d489fe50609091fa4cf78bb907f6654c.jpg
0	マッシュルームのアヒージョ	spanish							FALSE	https://c-chefgohan.gnst.jp/imgdata/recipe/58/42/4258/rc234x174_1605181728_3286319778058a137d63b8ce4e0fddc2.jpg
1	ニンニクのスープ　カスティージャ風	spanish							FALSE	https://c-chefgohan.gnst.jp/imgdata/recipe/59/42/4259/rc234x174_1605191431_970df869de362373fad1c76f8240813d.jpg
1	魚介のパエリャ（パエリア）	spanish							FALSE	https://c-chefgohan.gnst.jp/imgdata/recipe/77/42/4277/rc234x174_1606011328_1b51bd6dc034aeee5e262c1c718097ec.jpg
1	鶏肉のチリンドロン	spanish							FALSE	https://c-chefgohan.gnst.jp/imgdata/recipe/78/42/4278/rc234x174_1606011608_f5318c6695f1581544038eadef15344d.jpg
1	華やかピンチョス 3種盛り	spanish							FALSE	https://c-chefgohan.gnst.jp/imgdata/recipe/60/47/4760/rc234x174_1611041403_dbb459d526e4b1672c270ae2b2c706dc.jpg
1	タラのピルピル（タラのオリーブオイル煮）	spanish							FALSE	https://c-chefgohan.gnst.jp/imgdata/recipe/38/50/5038/rc234x174_1704280936_1a8fb9d1c3236dff8075bf604f0f26ec.jpg
0	スズキのサルサヴェルデ（バスク風煮込み）	spanish							FALSE	https://c-chefgohan.gnst.jp/imgdata/recipe/39/50/5039/rc234x174_1704281005_81dc2fad2c5ec8d92942b59588d40c86.jpg
2	シンガポールチキンライス	asian							FALSE	https://c-chefgohan.gnst.jp/imgdata/recipe/19/18/1819/rc234x174_1311080155_f610ce5b18db7a0821c58e105ca58838.jpg
1	ナシゴレン スペシャル	asian							FALSE	https://c-chefgohan.gnst.jp/imgdata/recipe/21/18/1821/rc234x174_1311080504_06d04d5aab56b0330a7da4bd6d2fd341.jpg
1	ピビン麺	asian							FALSE	https://c-chefgohan.gnst.jp/imgdata/recipe/68/21/2168/rc234x174_1404180936_dd6f1b65e9e3469938b8d7d7672d6803.jpg
0	トッポギ	asian							FALSE	https://c-chefgohan.gnst.jp/imgdata/recipe/69/21/2169/rc234x174_1404180939_0873e715302bd1d7558f45819bb4b3e2.jpg
2	ビビンパ	asian	main	hot	spicy	fish	dinner	red,white	TRUE	https://c-chefgohan.gnst.jp/imgdata/recipe/84/32/3284/rc234x174_1506151142_62024560bb55adedf0cbc7b341723a86.jpg
1	チャプチェ	asian							FALSE	https://c-chefgohan.gnst.jp/imgdata/recipe/85/32/3285/rc234x174_1506151152_8f81d890bb8fba4269a00d2776bba5c4.jpg
0	海鮮チヂミ	asian							FALSE	https://c-chefgohan.gnst.jp/imgdata/recipe/86/32/3286/rc234x174_1506151135_84db14343aeea1d77a73761e6a33188d.jpg
2	タイの焼そば”パッタイ”	asian							FALSE	https://c-chefgohan.gnst.jp/imgdata/recipe/33/33/3333/rc234x174_1507210324_af3e32f95744c60be3c378e6f6aea1b6.jpg
1	鶏肉のグリーンカレー"ゲーンキョウワンガイ"	asian							FALSE	https://c-chefgohan.gnst.jp/imgdata/recipe/34/33/3334/rc234x174_1507210338_6fb95ed8066e7d3b0288b1cf2d826965.jpg
1	鶏挽き肉のバジル炒めごはん"ガイガパオ"	asian							FALSE	https://c-chefgohan.gnst.jp/imgdata/recipe/35/33/3335/rc234x174_1507210356_7c27878b01ee4de5658742add3449f1c.jpg
0	スウドゥブチゲ	asian							FALSE	https://c-chefgohan.gnst.jp/imgdata/recipe/41/33/3341/rc234x174_1507211057_434f723549eaec959e37dc9e00699f83.jpg
0	ナムル3種盛り（韓国かぼちゃ・なす・クレソン）	asian							FALSE	https://c-chefgohan.gnst.jp/imgdata/recipe/73/36/3673/rc234x174_1511091033_eba95f18d24aa04bafd7204a6f658a93.jpg
1	トムヤムクン	asian	side	hot	sour,spicy	fish,vegetable	lunch,dinner	red,green	TRUE	https://c-chefgohan.gnst.jp/imgdata/recipe/20/41/4120/rc234x174_1603101800_62d988bb82f676e5dcc9d838783be3e3.jpg
1	家庭でできるタイの春雨サラダ　ヤムウンセン	asian							FALSE	https://c-chefgohan.gnst.jp/imgdata/recipe/21/41/4121/rc234x174_1603101804_0d66388bba36f03b42b66a691d7a1768.jpg
0	ペチュギムチ（白菜キムチ）	asian							FALSE	https://c-chefgohan.gnst.jp/imgdata/recipe/83/47/4783/rc234x174_1611081758_73de835608991f9b15ea9ab8312c4285.jpg
2	カクテキ（大根キムチ）	asian	side	cold	spicy	vegetable	dinner	red	TRUE	https://c-chefgohan.gnst.jp/imgdata/recipe/84/47/4784/rc234x174_1611091000_e99c46e68a4fd1f168aafa3341b6fb5c.jpg
1	キンパ（韓国風海苔巻き）	asian							FALSE	https://c-chefgohan.gnst.jp/imgdata/recipe/85/47/4785/rc234x174_1611101328_3e9c43640862f1b40f474f5c6c4e7fbc.jpg
0	ゲーン マッサマン（チキンマッサマンカレー）	asian							FALSE	https://c-chefgohan.gnst.jp/imgdata/recipe/02/49/4902/rc234x174_1701310933_838c00ddee725f6f62d862c732692861.jpg
0	トートマングン（エビのすり身揚げ）	asian							FALSE	https://c-chefgohan.gnst.jp/imgdata/recipe/03/49/4903/rc234x174_1701310955_ff9bd35b63dcc5ddd5dd47c623f7d30d.jpg
1	ヘムルチョンゴル（韓国の海鮮鍋）	asian							FALSE	https://c-chefgohan.gnst.jp/imgdata/recipe/46/49/4946/rc234x174_1702281155_3f74cb5687d0e5fef00375860cdf5669.jpg
0	参鶏湯（サムゲタン）	asian							FALSE	https://c-chefgohan.gnst.jp/imgdata/recipe/47/49/4947/rc234x174_1703010930_c83858a2c576570a70594f7116d79c7d.jpg
1	ムルギムチ（水キムチ）	asian							FALSE	https://c-chefgohan.gnst.jp/imgdata/recipe/48/49/4948/rc234x174_1703010950_cefbd9991ea33967c9eed33a1ae05309.jpg
2	ラープガイ（鶏ひき肉のサラダ）	asian							FALSE	https://c-chefgohan.gnst.jp/imgdata/recipe/80/49/4980/rc234x174_1703221438_0a5283687679b1a6a7eec30efe24aa5b.jpg
2	ガイヤーン（タイ風鶏の照り焼き）	asian							FALSE	https://c-chefgohan.gnst.jp/imgdata/recipe/81/49/4981/rc234x174_1703221551_1c5121274842735f1903f8d556e3c3e0.jpg
1	ソムタムタイ（青パパイヤと人参のサラダ）	asian							FALSE	https://c-chefgohan.gnst.jp/imgdata/recipe/82/49/4982/rc234x174_1703221628_324f156a08fdb2e0cbd8f866eb9c32d9.jpg
1	鶏手羽とレンコンのスープ	asian							FALSE	https://c-chefgohan.gnst.jp/imgdata/recipe/19/48/4819/rc234x174_1701171520_ab622d403c66c3338f60cb401c1a7411.jpg
1	揚げ焼き塩豚の葉っぱ包み	asian							FALSE	https://c-chefgohan.gnst.jp/imgdata/recipe/18/48/4818/rc234x174_1702141232_2db5e7c4f433381f8f89d7a3002afc99.jpg
0	生春巻き	asian	side	cold	sweet,spicy	vegetable,rice	lunch,dinner	white,red,green	TRUE	https://c-chefgohan.gnst.jp/imgdata/recipe/36/49/4936/rc234x174_1703241606_b338123d9094d7aba91dfc8f9fae7bd1.JPG
0	ヒュー ティエウ ミトー（ベトナム南部のフォー）	asian							FALSE	https://c-chefgohan.gnst.jp/imgdata/recipe/35/49/4935/rc234x174_1703221803_b3f9b7380ea8ee08ccff9ae19c56df7b.JPG
0	フライパンで作るプルター（鶏肉とチーズのプルコギ）	asian							FALSE	https://c-chefgohan.gnst.jp/imgdata/recipe/14/51/5114/rc234x174_1706151035_c831f9098ef8c59f59a283ef1b1f7f62.JPG
2	バターチキンカレー	ethnic							FALSE	https://c-chefgohan.gnst.jp/imgdata/recipe/79/23/2379/rc234x174_1404040143_7e78d0275e849b64c636b4abff7e78b6.jpg
2	南インド風チキンカレー	ethnic							FALSE	https://c-chefgohan.gnst.jp/imgdata/recipe/03/24/2403/rc234x174_1404180148_8b5f84f21347a2176195fb873b739305.jpg
0	トルコ料理 カルヌ ヤルク（なすのひき肉のせ）	ethnic							FALSE	https://c-chefgohan.gnst.jp/imgdata/recipe/72/39/3972/rc234x174_1601221753_d4dff13e3bf179df3d1e4bf5c3368d93.jpg
1	フムス （トルコ料理 ヒヨコ豆のペースト）	ethnic							FALSE	https://c-chefgohan.gnst.jp/imgdata/recipe/73/39/3973/rc234x174_1601221800_acd3ae46dd358e063d4ffb95b3838c4c.jpg
1	チャパティ	ethnic							FALSE	https://c-chefgohan.gnst.jp/imgdata/recipe/09/43/4309/rc234x174_1606081116_5614bb451ad9ba182bd1e7f862864017.jpg
1	サグカレー（ほうれん草のカレー）	ethnic							FALSE	https://c-chefgohan.gnst.jp/imgdata/recipe/10/43/4310/rc234x174_1606081615_81d6b1d46dfb51a4aa43a779899b0304.jpg
2	チキンサグ（チキンとほうれん草のカレー）	ethnic							FALSE	https://c-chefgohan.gnst.jp/imgdata/recipe/11/43/4311/rc234x174_1606081117_61817194b6ad7b2257fb7b5f94f4a3f9.jpg
2	キーマカレー（鶏ひき肉のカレー）	ethnic							FALSE	https://c-chefgohan.gnst.jp/imgdata/recipe/12/43/4312/rc234x174_1606081834_2b449c8ac637477bd52a9d70b7e975ae.jpg
2	フィッシュカレー	ethnic							FALSE	https://c-chefgohan.gnst.jp/imgdata/recipe/15/43/4315/rc234x174_1606161207_9f89b4ee61642a0c18a5d23f1633020f.jpg
0	サンバル（豆と野菜のカレー）	ethnic							FALSE	https://c-chefgohan.gnst.jp/imgdata/recipe/16/43/4316/rc234x174_1606161226_87fa4bde224a78171e4f21529678cd46.jpg
1	ゴーヤのトーレン（野菜のスパイス炒め）	ethnic							FALSE	https://c-chefgohan.gnst.jp/imgdata/recipe/17/43/4317/rc234x174_1606161417_9b257feefb9e33675b0deaaf6f0751e5.jpg
1	チキンシャクティ（ゴア風チキンカレー）とターメリックライス	ethnic							FALSE	https://c-chefgohan.gnst.jp/imgdata/recipe/74/43/4374/rc234x174_1607061838_4c4b882de1a7278d42d6eb15cb957744.jpg
1	ポリヤル（キャベツのポリヤル）	ethnic							FALSE	https://c-chefgohan.gnst.jp/imgdata/recipe/75/43/4375/rc234x174_1607081120_1a151c629a98d68c82ba8aeedec3ab27.jpg
0	サモサ（じゃがいもとグリーンピースのサモサ）	ethnic							FALSE	https://c-chefgohan.gnst.jp/imgdata/recipe/76/43/4376/rc234x174_1607081330_10ada267734b2e99bdc4519e64082052.jpg
2	ナン	ethnic	main	hot	sweet,saity				FALSE	https://c-chefgohan.gnst.jp/imgdata/recipe/04/44/4404/rc234x174_1607281319_5d4468fd5ca641060709fb2a61490504.jpg
0	プラウンマサラ（海老カレー）	ethnic							FALSE	https://c-chefgohan.gnst.jp/imgdata/recipe/05/44/4405/rc234x174_1607281848_0df572746e4ef4162d74e2ae25361469.jpg
0	チャナマサラ（ひよこ豆のカレー）	ethnic							FALSE	https://c-chefgohan.gnst.jp/imgdata/recipe/06/44/4406/rc234x174_1607281902_63bd9d5268780d02eb0c2d7fd8d80f65.jpg
1	野菜のビリヤニ（インド風炊き込みご飯）	ethnic							FALSE	https://c-chefgohan.gnst.jp/imgdata/recipe/07/44/4407/rc234x174_1607282020_7be1099679fd998e9ad143b92caa3654.jpg
0	ケバブジュージェ（鶏肉の串焼き）	ethnic							FALSE	https://c-chefgohan.gnst.jp/imgdata/recipe/47/48/4847/rc234x174_1701101315_e97e9d768964a7acc23446241174c5a5.jpg
2	ホレシュテ バーミエ（おくらの煮込み）	ethnic							FALSE	https://c-chefgohan.gnst.jp/imgdata/recipe/48/48/4848/rc234x174_1701101329_e63c144bc3f70351b3c39e017426fea1.jpg
2	ククサブジ（ハーブ野菜のオムレツ）	ethnic							FALSE	https://c-chefgohan.gnst.jp/imgdata/recipe/49/48/4849/rc234x174_1701101511_431bd83e38a21a87ac4799bca74b8f80.jpg
2	ポークカレー（ホームメイドスタイル）	ethnic							FALSE	https://c-chefgohan.gnst.jp/imgdata/recipe/65/49/4965/rc234x174_1703171451_cf673ff7e58480cb19e1b441f12f3211.jpg
1	オニオン バジ（玉ねぎの天ぷら）	ethnic							FALSE	https://c-chefgohan.gnst.jp/imgdata/recipe/66/49/4966/rc234x174_1703171656_7f059e75226a68baa4b6c7bf1a02e3c9.jpg
2	ベジタブルライタ（野菜のヨーグルトサラダ風）	ethnic							FALSE	https://c-chefgohan.gnst.jp/imgdata/recipe/67/49/4967/rc234x174_1703171806_44bf8bfaf15e7c75c26a6e3d9bed1aaf.jpg
1	真鯛のセビーチェ（ペルー風 魚介マリネ）	ethnic							FALSE	https://c-chefgohan.gnst.jp/imgdata/recipe/10/50/5010/rc234x174_1703271801_c7f5926d21441cc3a95a69e4e16f5774.jpg
0	ツナマヨネーズのカウサ（ペルー風 ポテトサラダ）	ethnic							FALSE	https://c-chefgohan.gnst.jp/imgdata/recipe/11/50/5011/rc234x174_1703301707_128e8e085df7c4ec1a62ecc67df57e7f.jpg
2	ロモ・サルタード（ペルー風 牛肉と野菜の炒め物）	ethnic							FALSE	https://c-chefgohan.gnst.jp/imgdata/recipe/12/50/5012/rc234x174_1703301815_abb236c823d47dc5c073b93a865d5d4b.jpg
2	簡単！骨付きチキンのインドカレー	ethnic							FALSE	https://c-chefgohan.gnst.jp/imgdata/recipe/54/49/4954/rc234x174_1703241050_96039c243492d8fca3a3601121f73902.jpg
0	クミンライス	ethnic							FALSE	https://c-chefgohan.gnst.jp/imgdata/recipe/56/49/4956/rc234x174_1703241321_0bf5354f222e56bba78433c8fef1524f.jpg
0	プーリー	ethnic							FALSE	https://c-chefgohan.gnst.jp/imgdata/recipe/49/50/5049/rc234x174_1704211510_808c13ea85ca7710eae44617076d40ba.jpg
1	杏仁豆腐	chinese	dessert	cold	sweet	NULL	snack	white	TRUE	https://c-chefgohan.gnst.jp/imgdata/recipe/02/01/102/rc234x174_1209100838_75856d9e1a1a3bd871efcad816f9c5ca.jpg
0	マドレーヌ	デザート							FALSE	https://c-chefgohan.gnst.jp/imgdata/recipe/20/01/120/rc234x174_1305200258_9411254b6f6d2db7a6a6256c669c0376.jpg
0	パンナコッタ	western	dessert	cold	sweet	NULL	snack	white	TRUE	https://c-chefgohan.gnst.jp/imgdata/recipe/21/01/121/rc234x174_1209110858_a267c0472b3f18c16be016b23e76b46e.jpg
0	チョコチップクッキー	western	dessert	cold	sweet	NULL	snack	black,brown	TRUE	https://c-chefgohan.gnst.jp/imgdata/recipe/22/01/122/rc234x174_1209110902_99d45fdb82faeaf046a3f6927ec4184c.jpg
2	ティラミス	デザート							FALSE	https://c-chefgohan.gnst.jp/imgdata/recipe/41/01/141/rc234x174_1209110936_596e9c17ba5790d964a7de839508af3d.jpg
0	グレープフルーツとホワイトチョコレートのブランマンジェ	デザート							FALSE	https://c-chefgohan.gnst.jp/imgdata/recipe/47/02/247/rc234x174_1209130732_f03eb1d1a93860876f53bcc6e4b26597.jpg
0	リンゴとバナナのケーキ(ブラウン・ベティ風)	デザート							FALSE	https://c-chefgohan.gnst.jp/imgdata/recipe/48/02/248/rc234x174_1209130732_803022d4a7a3863569947be6824595bc.jpg
2	パイナップルとフローズンヨーグルト	デザート							FALSE	https://c-chefgohan.gnst.jp/imgdata/recipe/49/02/249/rc234x174_1209130731_2574fe39e8b1616eb2ed9eb987ca5630.jpg
0	チョコレートケーキ(フォンダンショコラ風)	デザート							FALSE	https://c-chefgohan.gnst.jp/imgdata/recipe/50/02/250/rc234x174_1209130730_e3b6475dea8a1a0e786a92746bdc0322.jpg
1	生チョコレート	デザート							FALSE	https://c-chefgohan.gnst.jp/imgdata/recipe/36/07/736/rc234x174_1302080220_3590abc27fb24ad979603cc01ab04f13.jpg
1	チョコレートムース	デザート							FALSE	https://c-chefgohan.gnst.jp/imgdata/recipe/30/20/2030/rc234x174_1312260305_b3bfe92bfab5306ac7a2bf8ee884b9fd.jpg
2	イチゴのレアチーズケーキ	western	dessert	cold	sweet,sour	NULL	snack	white,red	TRUE	https://c-chefgohan.gnst.jp/imgdata/recipe/69/20/2069/rc234x174_1401160956_707ad1998db4679fc426d14c483d16c6.jpg
2	アンファン（とろけるプリン）	デザート							FALSE	https://c-chefgohan.gnst.jp/imgdata/recipe/46/28/2846/rc234x174_1511091156_8bb604ecf083848a187a631ef745666d.jpg
0	マンゴープリン	デザート							FALSE	https://c-chefgohan.gnst.jp/imgdata/recipe/40/29/2940/rc234x174_1502130259_fba30e0bec59f554e2bfd52c45c1c3b0.jpg
1	小豆から炊く　白玉おぜんざい	デザート							FALSE	https://c-chefgohan.gnst.jp/imgdata/recipe/46/30/3046/rc234x174_1503120241_cf7951b5a93626b86a41f7af12ebc546.jpg
1	ふわふわロールケーキ	デザート							FALSE	https://c-chefgohan.gnst.jp/imgdata/recipe/38/32/3238/rc234x174_1505070643_39a6b1a9ec02e599c94783915000ab39.jpg
0	アップルパイ	western	dessert	cold	sweet,sour	NULL	snack	brown,red	TRUE	https://c-chefgohan.gnst.jp/imgdata/recipe/66/34/3466/rc234x174_1508311839_f02dc282596caf8a20b7adb77e2f5fda.jpg
1	リンゴのコンポート リンゴのグラニテ添え	デザート							FALSE	https://c-chefgohan.gnst.jp/imgdata/recipe/00/38/3800/rc234x174_1601041527_b20eb0f38b151c5bf361e50d754e18b7.jpg
2	大人のブラウニー・グランマルニエ風味	デザート							FALSE	https://c-chefgohan.gnst.jp/imgdata/recipe/55/38/3855/rc234x174_1512091028_c77254f6a2ab624bb9b0719e32a01605.jpg
0	ボンボンショコラ トリュフ	デザート							FALSE	https://c-chefgohan.gnst.jp/imgdata/recipe/73/38/3873/rc234x174_1512031643_87fd80efb37c3f2607d48f29f4d02bb6.jpg
1	ムースショコラキャラメル	デザート							FALSE	https://c-chefgohan.gnst.jp/imgdata/recipe/74/38/3874/rc234x174_1512031718_7984f6cfef77e697a71fc1e9163a1917.jpg
2	みたらし団子	japanese	dessert	cold	sweet,salty	NULL	snack	brown,white	TRUE	https://c-chefgohan.gnst.jp/imgdata/recipe/55/40/4055/rc234x174_1603011536_f9ecc7025a77c864b2f172013c858293.jpg
2	安倍川餅	デザート							FALSE	https://c-chefgohan.gnst.jp/imgdata/recipe/70/40/4070/rc234x174_1603161442_4238ff2c6aa6949eef0c458706be561f.jpg
1	わらび餅	デザート							FALSE	https://c-chefgohan.gnst.jp/imgdata/recipe/58/41/4158/rc234x174_1603291736_bdd0f002c29bc0d5057a21cb63379179.jpg
2	ベイクドチーズケーキ	デザート							FALSE	https://c-chefgohan.gnst.jp/imgdata/recipe/65/41/4165/rc234x174_1604041151_a4ac7d4a3b2a6da9d7a5e04d3af69027.jpg
2	型抜きクッキー（プレーン）	デザート							FALSE	https://c-chefgohan.gnst.jp/imgdata/recipe/66/41/4166/rc234x174_1604041358_3d43969554f35663c29f0c070040413d.jpg
1	型抜きクッキー（抹茶味）	デザート							FALSE	https://c-chefgohan.gnst.jp/imgdata/recipe/67/41/4167/rc234x174_1604041411_9c376e37a3d5b71478748e41366b0a31.jpg
0	シフォンケーキ（ミルクティー）	デザート							FALSE	https://c-chefgohan.gnst.jp/imgdata/recipe/68/41/4168/rc234x174_1604041422_f04e9c1cb9095c06de04ed22bcc752b4.jpg
0	柏餅	デザート							FALSE	https://c-chefgohan.gnst.jp/imgdata/recipe/02/42/4202/rc234x174_1604181038_ed4ecbf7c910e964bc84fe33cffa9426.jpg
2	黒糖マーラーカオ	デザート							FALSE	https://c-chefgohan.gnst.jp/imgdata/recipe/20/42/4220/rc234x174_1605101408_f573a3da400ba3ea8ffbc4823b85f04b.jpg
1	ゴマ団子 （芝麻球）	デザート							FALSE	https://c-chefgohan.gnst.jp/imgdata/recipe/21/42/4221/rc234x174_1605101748_468e6f3ae825f2f467e45728b47f6f71.jpg
0	ビスコッティ	デザート							FALSE	https://c-chefgohan.gnst.jp/imgdata/recipe/62/42/4262/rc234x174_1605191703_6a183505378bc89f6105770827f3b81a.jpg
2	クレマカタラナ	デザート							FALSE	https://c-chefgohan.gnst.jp/imgdata/recipe/79/42/4279/rc234x174_1606011659_2f433abe2a7d3a9abea41ce03f3bcdfb.jpg
0	さつまいもの羊羹	デザート							FALSE	https://c-chefgohan.gnst.jp/imgdata/recipe/70/45/4570/rc234x174_1609290956_9af0976acab83a85920d7a176a406a7b.jpg
2	ウィークエンド・シトロン（レモンのパウンドケーキ）	デザート							FALSE	https://c-chefgohan.gnst.jp/imgdata/recipe/08/47/4708/rc234x174_1610111655_74b3c6640a64fc8b0408776e28d6ac89.jpg
0	ケーク オ ショコラ	デザート							FALSE	https://c-chefgohan.gnst.jp/imgdata/recipe/20/48/4820/rc234x174_1611291733_a09b6add720b1d304d9f4c8b92c5ccf1.jpg
2	ブルーベリーたっぷりのパウンドケーキ	デザート							FALSE	https://c-chefgohan.gnst.jp/imgdata/recipe/87/06/687/rc234x174_1301240314_420f7bb899fc159da33486d3d4ac11b7.jpg
2	ムース・オ・ミルティーユ（ブルーベリーのムース）	デザート							FALSE	https://c-chefgohan.gnst.jp/imgdata/recipe/07/47/4707/rc234x174_1610111657_fa7e71285bbf80629edd04ae60b5d68c.jpg
1	ルージュベリーのアントルメグラッセ（アイスケーキ）	デザート							FALSE	https://c-chefgohan.gnst.jp/imgdata/recipe/25/48/4825/rc234x174_1612061140_6ac32ea418eea5f5a412eb04271fb5ea.jpg
0	ショコラスリーズ	デザート							FALSE	https://c-chefgohan.gnst.jp/imgdata/recipe/22/48/4822/rc234x174_1611291132_a49192b937af8d7d0764c31f84d7e7df.jpg
1	クレーム アンジュ	デザート							FALSE	https://c-chefgohan.gnst.jp/imgdata/recipe/21/48/4821/rc234x174_1611291814_e6084ef16179e2b845078d251b1f22d9.jpg
1	シュー ア ラ クレーム	デザート							FALSE	https://c-chefgohan.gnst.jp/imgdata/recipe/78/43/4378/rc234x174_1609091149_11b8ef99da6cd24b07d6b7bec49244a4.jpg
1	イチゴのショートケーキ	western	dessert	cold	sweet,sour	NULL	snack,dinner	white,red,yellow	TRUE	https://c-chefgohan.gnst.jp/imgdata/recipe/77/43/4377/rc234x174_1610131751_e8606eda8829a9b0dd63a3e3efe63565.jpg
1	さくらんぼのクラフティ	デザート							FALSE	https://c-chefgohan.gnst.jp/imgdata/recipe/47/45/4547/rc234x174_1609081650_a25e5d3921c61dee563cce49ac59b70c.jpg
1	プロフィットロール	デザート							FALSE	https://c-chefgohan.gnst.jp/imgdata/recipe/31/47/4731/rc234x174_1610261819_956a8d4d503f86bc6b904c6ab4d8cf91.jpg
2	ブリオッシュのfrenchトースト	デザート							FALSE	https://c-chefgohan.gnst.jp/imgdata/recipe/52/33/3352/rc234x174_1507270625_eba1b8e4bfbf86906662b65f87a3685a.jpg
0	ブリュッセル風ワッフル	デザート							FALSE	https://c-chefgohan.gnst.jp/imgdata/recipe/15/48/4815/rc234x174_1612081912_ff230bd35ad09335798fec24a089527f.jpg
1	カスタードプリン	デザート							FALSE	https://c-chefgohan.gnst.jp/imgdata/recipe/90/48/4890/rc234x174_1701311605_a266b16973e6bea46d3fabf8bc20dc93.jpg
1	タピオカココナッツミルク	デザート							FALSE	https://c-chefgohan.gnst.jp/imgdata/recipe/04/49/4904/rc234x174_1701311016_da1a82069cf97be23d7a385996258ab9.jpg
1	リコッタチーズたっぷりのカンノーロ	デザート							FALSE	https://c-chefgohan.gnst.jp/imgdata/recipe/64/49/4964/rc234x174_1703071624_bad7f046db5532ec1998fe610f2e7247.jpg
0	パォン・デ・ロー（ポルトガル菓子 半熟カステラ）	デザート							FALSE	https://c-chefgohan.gnst.jp/imgdata/recipe/64/50/5064/rc234x174_1705161814_fd4773f55bc81967ab355fba7db9bd71.jpg
1	アロス・コン・レチェ（お米のミルクデザート）	デザート							FALSE	https://c-chefgohan.gnst.jp/imgdata/recipe/40/50/5040/rc234x174_1704281337_68ca5a144b935be8f694dba949613dcc.jpg
2	草餅	デザート							FALSE	https://c-chefgohan.gnst.jp/imgdata/recipe/46/50/5046/rc234x174_1704210736_8fe1129f3d5965d081ec839aff3382a2.JPG
1	水まんじゅう	デザート							FALSE	https://c-chefgohan.gnst.jp/imgdata/recipe/44/50/5044/rc234x174_1704210733_17aa50266a64969cb96ec19f3f191920.JPG
2	トロぺジエンヌ	デザート							FALSE	https://c-chefgohan.gnst.jp/imgdata/recipe/97/50/5097/rc234x174_1707060957_9d1091d6fee14793d51a4d1de9699971.jpg